PC1,PC2,PC3,PC4,PC5,PC6,PC7,PC8
0.8439389283589351,-0.5153507494641559,0.767632215016208,0.044214798774141056,-0.44623404839727027,0.9394412920310875,0.6547617717815949,0.01810169416780242
1.0626764494364707,-0.48460125849368973,0.6729752593814442,-0.401371781501639,-0.13045814801652164,0.8672268359867447,0.511022476430642,0.07789479512752195
1.2691405157256084,0.6820545529913432,0.6640946011292784,-1.6349527581799244,-1.1938130218429244,1.0784416496474756,-0.2031518444650303,-0.2540374015422199
-1.0567823867244301,0.6108214957943594,0.5056544471171968,-0.1960049535286616,0.45785460687438745,-0.11695881931638256,-0.3138038669577324,0.054377123996032305
0.6340304841535808,0.9741988355722461,0.7712088202505867,-0.1863741327635551,-0.8138773894389697,1.505372410196579,-0.16039893631948576,0.0037634294023399986
0.5301108983814705,-0.5854113821954968,0.7586245890818681,-0.24700875466555441,-0.3788392004215341,1.072553867642819,0.6585623439634553,-0.025976594275879988
0.3995602447177712,-0.8463428776877466,0.7775524598671433,0.20696307245962975,-0.1668782030245754,1.1991704085429313,0.03631216948415909,-0.037326306193802845
0.7911656497336045,-0.46114017479793057,0.6966086474214866,-0.4814034804569641,-0.2615549522987656,1.094954877572113,-0.09240248419552645,0.06662473564034063
-0.6638311308147972,-0.5774654544465985,0.574487878770196,-0.21493143213745278,-0.07809963855112807,-0.6610908545759889,-0.08369594748738277,0.07783492482873884
2.1506847984088258,-0.6179139811578389,0.5907358526384405,-0.2682806287363731,-0.014839812721321684,0.4025368352603218,-0.0523860317018984,0.1691851216702858
1.2559938945760487,-0.5124524340362098,0.5528961680832765,-0.555287665002346,0.5441031143935205,0.931118502384473,-0.2881208481730868,-0.02783508768639808
-0.16821061177295224,-0.6887961171425655,0.8058245178086485,0.1509622391385836,-0.13682967750379763,1.4984515035283255,0.10946859609801428,0.16112799154467647
1.4398558812208198,0.6088529472357115,0.8590519670404251,1.0140483213738058,-1.0640337941714357,0.9373336233212575,0.47516755094152874,0.05109790799595475
1.4069561102138235,-0.1605646628642856,0.6914100983628236,0.8773130706068659,0.2400948658843466,0.955383450924269,-0.2462439550581378,-0.00036192473854718864
1.373959987229624,0.06850138413755183,0.8055460572377072,0.7756386280990547,-0.6956396779114006,0.9068265555090604,0.1637229802892873,-0.04004888682682655
-1.0718152121562048,-0.5198591880564375,0.6329558643482343,0.08600882273047135,-0.13573396423608722,-0.4257915316430315,-0.18048975575049883,0.019374892210197475
1.2580123337964582,-1.1216544139711333,0.6504204078136986,-0.5174552670132893,-0.04090527670626838,0.6532085162654785,0.3054595797454833,0.13852359271739564
-0.6185990128414308,0.2824067112352492,0.5848903086139436,-1.0484390997233646,-0.8457558812206437,-0.5521725285951607,0.005006866947593676,-0.08685304064749717
0.8670934289838256,0.22044841923008135,0.7584387023565728,0.06106447364701258,-0.5483562334293358,1.2058781526622193,-0.018729134223455176,0.14305621478208322
-0.4846667946979253,-0.5764639943148586,0.5614646285803443,0.015104255524192752,0.05039670338076725,-0.6921341882638209,-0.368418177315413,0.2154645770288177
0.33151468657444494,-0.19417161987510173,0.8169758217285892,0.1607146422232853,-0.5653667433813192,1.349563605978894,0.15039734067144447,-0.15389233130280644
-1.2544410791612723,-0.30573444787233406,0.5401579299361156,-0.3795625279357232,0.35330225428601064,-0.28237856902470415,-0.10350236409705608,-0.03003976286904602
-0.6957547065668513,2.164181473378773,0.535253059025717,0.41391572538581967,0.12997046958332367,0.14948023558855425,-0.7111410886944322,-0.32760327612574097
4.397755901930426,4.210421402996127,0.5655948134336434,-2.1099788136512294,-2.924806426429186,0.050423269791855255,1.1645792666379917,0.26672988678695664
1.6259880831601223,1.0124055722062646,0.7231232978482778,-0.12600816650274735,-0.9495867377655903,1.0304018024501018,-0.21281326788122035,0.07166888775887886
0.5609214479872608,-0.8024222147064594,0.7976937949968005,0.592410640812532,-0.16921121936437222,1.132076282871122,0.10103382621504228,-0.11836571141799801
-1.2069806928097018,-0.10298829019918959,0.5735340065366699,-0.14245658355380503,0.18187325836961843,-0.2535558483658068,-0.1529446338103599,0.03491218729581067
-1.2331191169542493,-0.31152230016689086,0.6725055907847742,0.2820727867557425,-0.26286077704896454,-0.3069369191620722,-0.1378253833886487,0.07412182139288331
3.4703738488880873,0.11866541812508019,0.5001208673566067,-0.9218022626313394,-0.5422923687587967,-0.1696538408511265,0.2634092118910995,0.40324075546838895
-1.1078103578348875,1.0155817697707392,0.844976124057646,2.038010840490476,-0.7798259537594345,-0.023188147428621693,-0.157274284561239,-0.19923788394661426
-0.2431937984851346,0.4359337370962492,0.6200008166498043,0.22751245665615324,-0.582549863580291,-0.5654412419473579,-0.5724667529645667,0.2922551726929305
-0.8805660642907837,-0.4210448339523612,0.530199683704142,-0.5995602136755102,0.12760048111043742,-0.5529233936840501,0.15371089844736052,-0.02823362312580747
-1.1389826326227834,-0.0670010933126419,0.7205847436203903,0.7959918861366547,-0.4019563081685255,-0.2841437334105369,-0.14386210650912215,-0.07550855642834393
-0.7389785861049749,1.2139922247040484,0.6023429271629254,0.9971026291722429,0.21123397030015886,-0.1671448875767356,0.00794539019131862,0.2661978723384007
-1.140778731690249,-0.8375454540431689,0.5798438467033377,-0.506352430964467,0.00607475306254218,-0.5093580139389733,0.028228495799284346,-0.009138087084738835
0.9148730657734532,-1.2565205079543913,0.6494748206639663,-0.43615392529322566,0.2095753324177749,0.8416228921420974,0.07890912425512644,0.13393474098943128
-0.5841110290237151,1.333013548556634,0.72151788348546,0.4763556955211103,-1.1627843192648122,-0.23200730540850423,-0.38715953800608544,-0.03142921997840211
1.5490633233089723,-0.40020614517135916,0.6772290228703172,0.44237457612503484,0.0798217489538875,0.7181604218967659,0.3300819265302002,-0.1669421879666179
2.18698221516677,-0.9850363825997992,0.6074387232915932,-0.07918613188153113,0.07269348769680768,0.17814954492037988,0.7466586555806813,0.10027980889377462
-1.3601517074917233,3.0001667714245004,0.7384375017110576,2.1330216537818063,-0.12084499428891389,0.6641431799693467,-0.4549505170509706,-0.30456776054822043
-0.5565195573036363,2.270036159738486,0.48464539462586503,-0.3929581457814886,-0.06796810292411877,0.03936488752187738,-0.5180292268368847,-0.16116987694745946
-0.5364145358490939,0.5066346254230689,0.622291884685023,0.2036116061293839,-0.4600944630796258,-0.40767917848419283,-0.45782549152129726,-0.15642890463677572
1.5197549823983814,-1.0098016616520151,0.6849424862603514,0.4208170421226482,0.10100919212148708,0.6419352628345342,-0.030253937177439197,0.013482614656305377
2.5657907059946945,-1.3235013757683545,0.516173339055668,-0.07682788520039774,0.5671876060392367,0.08388096232033475,-0.17408959671629448,0.3193680199794256
0.9824537541268759,-0.9636190538593076,0.7137677879368206,0.2048942284608579,0.0441241638108726,0.8601441898275922,0.2581921993940568,0.01061530456884372
3.1643874850221803,0.2707493891287991,0.5210584764605801,-0.9392774226085236,-0.544562391775886,-0.05393036303224283,0.7136666239168755,0.2442879568428351
2.4110822544263186,-0.6997118999832077,0.538500562680256,-0.34792742216300915,0.23220927146653889,0.20581859233337302,0.2771519770830993,0.5008844414491067
8.981542107608524,3.325452979822551,0.20324937710935967,1.7935548304164284,0.015212666339667604,-2.162717839398027,1.3318226841609473,0.03638734616695556
1.0825858537305606,-0.6536896215977771,0.7223160186222803,0.07851257071476274,-0.22800269174687604,0.9186545301204754,-0.04704228125091311,-0.07078910534021149
4.002811682218991,-0.6370873720354469,0.4216448505102067,0.07146714296951036,0.532115362299302,-0.5234548162185172,0.3017120669675256,0.003301640626085551
-1.127026555170957,0.08294968619553177,0.5306384083358273,-0.6496633743220218,0.11116983713948786,-0.2427682104621584,-0.27207140496289717,-0.11341671289080725
-0.6319581668145502,-0.7764874162736892,0.5571342840515958,-0.2867052119903228,0.032189760241547655,-0.7358316201650363,-0.0018875049877263063,0.18174736126872942
0.3080740806743988,0.4960102616579864,0.9860824307413849,1.8358568275485232,-0.92525860765886,1.5660019227725355,0.05570909246358457,-0.14017298379911958
1.3998555570849949,-1.2119164453417304,0.6170730346133796,-0.39254277585033004,0.248084978654417,0.5518216623454201,0.5123342428723557,-0.05215835787212883
-1.232628051521129,0.6281169388143923,0.7174832236382082,0.8711651789811974,-0.39913029859758387,-0.06782307632734255,-0.15488106113551933,-0.08933063505891753
-0.6750107770470581,-0.4624601054498889,0.5562441196921388,-0.3583478523191482,-0.041915765922009476,-0.6240003155252841,-0.10036778844008669,-0.06663965705442891
4.89677247541377,-0.4062836070203799,0.3337213632502128,-0.001097957065702862,0.6898197866364494,-0.9854081490408251,0.9432998411353952,-0.8052552133032203
1.5782493702083273,-0.9617031508070608,0.6572160465361216,-0.20685253114366708,-0.10134503709451291,0.5675752025263594,0.2155195632804016,-0.45262784461616384
-1.2274732380271898,-0.30308309111778853,0.6675091323788406,0.2401964480183811,-0.2427296743805816,-0.33365988281316084,0.03900702006598221,-0.05267852471163266
-0.2473090253160162,-0.4338656264488971,0.5550102773948579,-0.3023640714712912,-0.23696365863207342,-0.8256128052535404,-0.16875989563408356,-0.013160827669811286
0.5350891610227977,-1.126947406194572,0.7490430731187191,0.09997802705835479,-0.045217679733721025,1.083862755353934,-0.04447884687314207,-0.08980810507196334
8.24935962199676,1.0725499992186573,0.26688504334266694,2.502494365850875,0.6419610950044152,-2.0434947949590283,-0.2085237366826798,0.21178670717393921
0.6844314970142166,-0.43124906859153556,0.6369452805508539,-0.26541920850821565,0.41119304619184166,1.1450811193914698,0.26513151354524567,-0.23127771749839277
1.9710393933519175,-0.40918989673907286,0.5811233977506935,0.005925017887019267,0.3091838049183794,0.5339823555508494,0.17605283860443544,-0.09657066635551378
-1.0322948051644425,-0.20120925593353983,0.5102188083699042,-0.5109090725386418,0.3548538728534748,-0.34599562813822465,-0.24084912402031183,-0.07927009963746268
6.1361966042055665,-1.3005554126146923,0.2464544255656373,0.3294128018891903,0.9055883709192816,-1.4449171604746178,-1.2218087970035019,-0.25467755473896997
-0.5667956795932927,-1.0914738568971163,0.5226928610580742,-0.3582333311536194,0.24452908497433617,-0.763608284442461,-0.40036929375550745,-0.03691257790590289
1.2118304479915574,-0.33787077677808014,0.7495762720169504,0.7386339160229277,-0.1454796340298967,0.9459169408167624,-0.029039602000434553,0.11167775763618615
-0.5469746162677976,0.5153525994496481,0.4204643347147973,-1.1499303043099838,0.2914961080133176,-0.5056537378237784,0.20340112094148088,-0.0406282275076323
-1.1529952922263211,-0.5434365050653425,0.6190386227794225,-0.05035893850360507,-0.043496066730458145,-0.4414006283962664,0.1529853787187466,-0.12439816011970571
-1.1611235562614108,1.223056332435545,0.42877552277439973,-0.0704867262591616,1.0939859798350196,0.08788467584778434,-0.12142732658394867,0.020612599854775093
1.0406678394440165,2.983184323665916,0.45411004681860745,-1.9333712046519618,-1.9252792925674393,-0.3864306306924105,-2.608000193828755,0.43902477045024063
-0.8932897091435631,0.3395132486108687,0.36623058147446497,-0.5535596987595408,1.3065020127512617,-0.31972260603206343,0.2939720713349852,-0.1422803767754348
0.3167991585935358,0.542713209367238,0.6474948074914569,0.35533739068799813,0.7560767276734384,1.5657301348026422,0.34889084333780357,0.38339456624684354
0.7001143258728286,-0.5575832372751598,0.7178804344201289,-0.3304924782246227,-0.2435993246485102,1.0621215844351473,0.23774560486017832,0.3137207911666438
-1.4039176585552307,0.5177818041098312,0.6312845244721892,0.4068469851602772,0.09100512157637486,-0.011267226413191013,-0.048590932703712356,-0.1821979497055273
-0.8040958820796205,0.13323487785263058,0.3690375173043229,-0.8431879109500028,1.066916983264415,-0.39101704403009674,-0.02251648004676643,0.2673665577046226
3.2322605931689083,-0.6888712020568192,0.543665505014967,0.5991104527283518,0.2928475943779284,-0.03344097095791508,-0.49387427213279317,0.23321007499982727
-1.2658090300340623,-0.3175340712370101,0.6084572791928036,0.06473002966289375,0.1196108289410236,-0.29232302652147757,-0.03332922711540691,-0.0163036542571779
-0.8299339531200958,-0.5235439054121367,0.5517817381406572,-0.721173698087517,-0.1406302493677189,-0.581406435943606,-0.0803545322038103,-0.050650967307263
-1.1618187256890729,-0.6238892461280612,0.6176946390262578,-0.16224627745111195,-0.10675805280449895,-0.4150754328270148,-0.15897001081354994,0.016533156333485774
1.7442286069956632,-1.3769556944996548,0.59429835220377,-0.2678289328979834,0.31980398122707565,0.4134871317925704,0.14208160662286776,-0.14737806724649385
1.1666052093276007,-0.3920782346826712,0.7149616930754408,-0.23595922192938168,-0.4352252956751184,0.8579833917063013,0.3089521520197928,0.13291844338366166
-1.2157006796148595,0.2399314495314325,0.6717043901774931,0.5821232120640486,-0.16700024799996624,-0.17410284433562065,-0.08849084723039585,-0.11988771644201744
0.3336847142380112,-0.8641594136618297,0.7609248351653969,0.24195971973785055,0.02832201613390461,1.2304111134691804,0.12208203719285735,-0.29199825978430266
12.289715443348456,-0.001452296401459,-0.14285753268017165,1.9622369819348318,1.3587541099569656,-4.009406679280615,-1.7622275992565533,0.6555029517436127
8.20252855617853,1.2288021598583312,0.30657508167015124,1.1480215840838324,-0.14196801388463992,-2.9220671434786474,5.242397938839399,-1.0145740723063628
0.2039869672849646,4.272715035489882,0.680694578840639,-0.6383695837042092,-2.5511266513193585,0.17691000795791278,-1.564239742843183,-0.2453547691473833
-1.2584066962844254,0.45937865736257355,0.389686253875548,-0.32410552619539834,1.4148346000150056,-0.03410735964803024,-0.15292864381175608,0.14636383629085342
-0.7536675474235718,1.0589594417868748,0.6486697624832776,0.36607173401979093,-0.5240633435829442,-0.2087859554855301,-0.24142191689444994,0.07106712074563278
-1.350539232663608,-0.1119645744171944,0.5878894934618856,0.018062148422768966,0.2558138674898983,-0.18697800112445787,-0.08500834870047656,-0.022125893576752445
-1.0907760290276438,0.785010656989726,0.4455777742481919,-0.20573268777991718,0.9233259041218665,-0.0781439155072771,-0.02104756416388502,-0.08568624908885772
5.369270811818483,0.4917996487977092,0.3275225203598888,-0.30159552312530163,0.07609481855602447,-0.8883719066144509,-0.02299799232080921,-0.6889807437233921
-1.2244536984465184,4.266230833609214,-0.22034221810065124,-1.499939441977743,4.710694312771996,1.0097626290363415,-0.12311403584939647,-0.15103899419511208
1.4316422897157919,-1.001722056859294,0.6673971190553981,-0.08754824347913372,0.014841441923321227,0.5439786456818444,0.7391409609938026,-0.006870507955324563
-0.8620811888018126,-0.8080201284689825,0.5492727714547334,-0.6255512326042827,0.006430414820237971,-0.6396432340122382,-0.030155212736660927,0.3201077597857604
0.5144850461424835,-1.4772478473352757,0.6899258729965759,-0.44209211756984435,0.13810383531062123,1.0071879720032044,-0.06373579725854128,-0.012472155753112767
-1.4117223235300311,-0.9380634359364962,0.5813931844742013,-0.5461918047030159,0.1285479989454887,-0.38587563147917375,-0.023384923943330922,-0.05131873953285827
-1.4080550310847857,-0.9103124577088384,0.5787460261567022,-0.5538081318884405,0.1354190550080531,-0.37630145774808266,-0.052845789277623886,-0.040625360727315984
-1.2299358514679648,0.13045399178944103,0.5095484804442421,-0.1650671228958909,0.6482431936181241,-0.19629375500487797,0.06853804255856415,-0.03180430880718213
1.6542702438825403,-0.060458999745567586,0.615319354966592,-0.20504569762354596,-0.00783283903547782,0.8383027359159689,-0.3197203985220438,-0.4554774733195386
1.903563046473887,-0.7892008973569852,0.5674635167584647,-0.5752685816967849,0.14422688809684978,0.45942636835378425,0.10362455155309575,0.08734446454120619
0.861480762016234,-0.7526436760219747,0.6316447252050406,-0.5733290571850712,0.2114755550387345,0.9771158829215101,0.1733270240564692,-0.2133923279629356
-0.6525904220229638,3.941624257255272,0.47441947350157687,2.062040756927109,1.3222668315482948,0.618150724157537,-0.4990780044888332,0.08921967044007575
-0.9751225471339837,-0.20765233026401433,0.6294183427857253,0.27640519737295083,-0.08944172408631412,-0.39743734179951556,-0.1227541406103079,-0.10742494609181918
-1.1178679144586305,-0.03946616859949698,0.6657726523917737,0.1982193001184498,-0.37961083122459366,-0.28941902757693805,-0.24957582573291578,0.10935889091139647
1.3169830319350535,-1.0888410898350613,0.6460229703721623,-0.5596619808893536,-0.10156372481518595,0.7154710086799931,-0.17090039446294128,-0.31370718125791325
2.0136868506236496,-0.5170777753326562,0.5823578170911864,-0.008506681025071006,0.27441981306305546,0.5205587641154514,-0.007651985927759662,-0.34727636318163263
0.7277010749176096,-1.0135816035263547,0.6971940503063632,-0.6449664859595952,-0.19458052597139192,0.8827257524512958,0.5897860992282551,0.038104679260356454
2.248990967566783,-0.9454387682753194,0.5676637873499135,-0.26386224848884515,0.22839197644294884,0.09060588707503789,0.9272341056289963,1.9281787508652892
-1.187497902543102,0.04424517345751015,0.6132633157945504,-0.16962794916065604,-0.17404747581009247,-0.25062382573846786,-0.12207692014230154,-0.07083157078764014
1.9265189626216963,-0.4772287019117909,0.6615848658196408,0.22178669767388096,-0.14373607138326885,0.5222962145202392,0.12341301071779746,0.209582759856063
-1.0299577150618662,1.3653797936040915,0.4880746064440517,-0.12238590497977986,0.5057986910100898,0.03947056730547752,-0.19356317401201362,-0.1294278193442762
-1.1140182408066497,0.2572709202005985,0.6013084907441081,-0.010071838009464453,-0.054570885612790096,-0.22957150508907892,-0.08403366022254374,-0.13899470905570843
-1.2488911385301984,0.24445804312550665,0.6509793099124472,0.2937820837192439,-0.1769067107830609,-0.15458632923086085,-0.16250670409638449,-0.04451553165082935
-1.219720196395522,-0.15392286336240674,0.5927882721523909,-0.0033380450233505914,0.13633504063448737,-0.2579763786201732,-0.15620881108741533,0.044292521694231084
-1.0994413687591695,-0.32524047977060033,0.6149869086107816,0.10614026246308766,0.012934872649899619,-0.3967643232662516,0.05589985427389621,0.07134853320820422
-0.8340582481945092,-0.26601444150931436,0.5680647734388026,-0.3253113192085463,-0.05192044964169584,-0.5264257090484178,0.032097784689724886,0.2012111507891438
-1.1847723227049856,0.618544047875739,0.5872713321569377,0.3992932631828615,0.28735475233608776,-0.08082959328226068,-0.08315675380331629,-0.06798228305562325
-1.1685978213143275,-0.07744876346907588,0.541491793599108,-0.25163226023630647,0.3485130930772466,-0.290855539846906,0.04402012883821694,-0.0220830076968244
-1.160218502040795,0.1676795931320112,0.640470316994454,0.2862897367639158,-0.13764280791799433,-0.21218636605121702,-0.19034660980307982,0.05944440537012745
-1.1526986455979125,-0.47963746296245835,0.5493471881525875,-0.41194646278668573,0.25872756455246304,-0.43129628208071563,0.21569767085765315,-0.04990937707416841
-1.423453698631606,-0.15889406804361994,0.6363645728365644,0.0024194055969541987,-0.08245154251335075,-0.17213090583766805,-0.1267038219696216,-0.1306590953198902
0.8303436665774326,-0.5128073245433773,0.7038937755779052,0.09740664951571386,0.10147836702549251,0.9309521825458282,0.9128162483442562,0.23885913984827936
-1.1454955283871973,1.3213825688055771,0.7112938280613392,1.3101722114143863,-0.2463405220794314,0.09052487731500915,-0.2477132047393427,-0.09426246706869361
-0.9574709224573477,4.298236189910798,0.6690669318639414,3.6418985469267167,0.9373579838232218,0.8339242765192589,-0.2503065565322586,0.04767900353086091
-1.2769756912015915,0.8490548353341432,0.5135899625422051,0.3272201228428418,0.8248494340963499,0.03566414607172138,-0.009972362079006826,-0.10513483296958231
0.894383758537223,0.1278062160179294,0.8096419372994837,0.3573170430814596,-0.7455823702159413,1.141053299045957,0.1295395606164097,0.24518291756403296
-0.5653906360512244,-0.8263577691370917,0.5400383502977827,-0.520192278727698,0.03837974545945475,-0.897464780397009,0.7060016290831069,0.002841586552739956
-1.265438450973241,1.2218810759065122,0.8430883307175635,1.7540860004165897,-0.9033316184891426,0.111500291038695,-0.2950005935639388,-0.20069986606020906
-1.2273847005477185,0.2259241629718487,0.47814416875517207,-0.46997595489942257,0.6811002361166246,-0.17776597533041807,0.06649208609224923,-0.1614041083206664
-1.3914180838902817,-0.8654112120316865,0.6042958865343454,-0.47750477174866773,-0.026654559229248677,-0.38677712057548935,-0.007832207972686476,-0.0877912394434995
-1.1049000935671562,-0.297830593276401,0.6644498507361725,0.3657891009394101,-0.21176152444577773,-0.37471955106696686,-0.03267659434508517,-0.0961180595224134
-1.2999831393502324,-0.5330391597815453,0.6458566266993614,-0.01904690447482417,-0.16581364652346067,-0.34369401945993355,-0.03334073407758443,-0.0699504687369279
-1.2052596053545517,-0.5269200090501834,0.6190095476427668,-0.18547652302257134,-0.11201627854973545,-0.4020136216227324,0.026678612197014662,0.027688721309813237
-1.2160988563324062,-0.5768523953256203,0.5985082806780261,-0.2144422544488048,0.03735497296945129,-0.3909850417954398,-0.03934336972554608,0.047603381214862246
-0.19532290250241993,0.14347369554487047,0.4322714152777156,-0.5909200987098397,0.43026301465296457,-0.7552754882784918,0.26800632446212774,-0.020198730309044857
-0.40750527819414595,-0.653705068135431,0.5325180497258114,-0.30556529239234265,0.09985321676280737,-0.8951185268385852,0.4741486065847221,0.3826131233194413
-0.717296905728216,0.2298772266492726,0.6534786554887231,-0.27413124431463215,-0.8363968590747546,-0.47442112559597993,-0.15141955429095677,0.11303484031067496
-0.8486811285769869,-0.45094058613389126,0.5801235303694448,-0.37926397626774394,-0.12527635484920582,-0.5968686608868305,0.2301850915347873,0.008222562867014763
-0.568971362516354,0.5120775619184984,0.6105160506950538,0.08992976856149476,-0.40998345557297544,-0.43560650500423265,-0.22870898759556405,0.18189899291551184
-0.29290934137697294,0.8456893992528177,0.7370968630527127,1.062157478398779,-0.8959577863689151,-0.6872494282276956,0.9827681512101947,0.10886637830545891
-0.6303814102162454,0.9971242323740035,0.7231207730574382,1.753062387032224,-0.24164005989105772,-0.3366566531398184,0.35856577238921095,0.39084923904519564
-1.3123521148241,0.4801500689736881,0.4487171625142695,-0.2098650457677458,1.0702476544203043,-0.04015067599296994,0.01758081313093904,-0.12605346324644068
-1.087547340107607,-0.1608921585965948,0.7045497357601754,0.6210168555414782,-0.3767429091643633,-0.39112687389213513,0.20176853187675417,-0.08404039788434041
3.5550088213805355,0.11709432608427388,0.6145382267118543,0.7246969163842873,-0.5619705451411516,0.13563282857023876,-1.6240421957022573,0.5308725122556306
-1.2017875634234974,-0.4886300752199383,0.6160350465620006,-0.16453679917901678,-0.08400178860549917,-0.39308872336276185,0.03112312051285534,0.02273511351276298
-0.9731163400544403,-0.371281396265923,0.5994558038175055,-0.05876803352834754,-0.02888736622008459,-0.47679227086225734,0.08239592462845699,-0.09645697390655511
-1.3787331839404555,-0.23931573065487513,0.5347017247210794,-0.37310870642549887,0.45828932557447627,-0.20488032861614416,-0.05925524965501271,-0.12499858038473596
-1.2529976187624647,0.632733618454693,0.7926733585349753,1.1819628915605052,-0.772577642130506,-0.06790087938115416,-0.1579758044525401,-0.10886111194947083
-1.2059951790256596,-0.05552050227973098,0.678982327746856,0.26658636246536765,-0.37409557110731284,-0.27666619074939397,-0.0506395045962075,-0.05898899672631295
-1.0120636031888683,-0.5286000715207848,0.5748358430029142,-0.8066897030177196,-0.26427005700748424,-0.5239374258527665,0.04957290458382169,-0.03806053681791153
-1.2080228269601152,0.12764924912311987,0.6362237660626372,0.5555637591624021,0.10465807400525876,-0.19600565205022638,-0.0762657766179091,0.03128663475903323
-0.620745464437939,-0.27415047101924506,0.5610409341434811,-0.6869523161021368,-0.29377765916269316,-0.7549777091946158,0.6779173807896788,-0.05289389628720985
-1.4557637010990547,-1.028935502971187,0.6039474772662711,-0.504690900225182,0.02062882009375722,-0.39129188060975717,-0.017141461172665587,-0.07634762264576342
2.6312149206605207,-1.0012900254078476,0.5430450170922937,-0.3598435974377567,0.07720752742581309,0.15316619940190346,-0.4371536318139929,-0.3762440796472514
1.542478658172191,-0.7435829809478047,0.6437575216317356,-0.6168993624015872,-0.3287466868816309,0.7337041615097283,-0.5789947622580743,-0.018418909027426097
-1.1816837239972473,0.16345524671728745,0.6178876732166642,0.43705096085250916,0.1491166585364197,-0.19259234669710987,-0.1115957159501049,-0.08964102871906582
0.9432600864400008,-0.8830921167064496,0.6683488713478336,-0.5740386156235437,-0.09732841368135481,0.8915787015776324,0.12711521976339496,0.011668032696106195
1.6779591948254617,-1.3875781991519003,0.5949067156722998,-0.2658705703947922,0.337315819476613,0.4842863080087804,-0.10141690049719296,-0.1587838811589068
1.0134011612685354,-0.9473187136997202,0.6538910145934789,-0.6572120096442917,-0.10065437988459931,0.9189660836906688,-0.38636442727757514,0.19846911734882572
-1.3163771651845542,0.010094532011772663,0.6598818708836667,-0.21835076394212818,-0.49605336646571335,-0.19347148634974895,-0.23903984425598335,-0.16146171546065677
-1.1066920414628565,0.03897180584399805,0.6147299739906359,0.2539793452832588,0.04195909854514479,-0.28223562385215467,-0.060239782408006474,0.09542349416813985
3.4901023634949366,-0.8406103020305168,0.43927252079953866,0.24494415131651023,0.7845268181901849,-0.22397108435720034,-0.16552640384092,-0.12564431720433702
0.8157432941654383,-0.8254288925578934,0.6485701485868289,-0.2339583273681786,0.3495893314957213,0.9483123142735705,0.45217509467553935,0.004231344749164532
2.248416698331281,0.27569768494262564,0.5692598378749635,0.16782072769032794,0.22695345571845932,0.5752355400026479,0.04811388933737139,0.23856434758095935
1.1444547961535267,-0.44566356606873636,0.6731654278464799,-0.8013853929948368,-0.47655808831433266,0.9186283915399138,-0.1326863685076407,-0.2215822448424021
-0.8592809383070793,-0.723162398536879,0.5694886141030909,-0.4306197195331646,-0.039455254569014254,-0.6117286892248508,-0.007857742846665237,-0.1253499161280291
-1.360336762128084,-0.5608068873800445,0.6011344930814365,-0.29519826607623273,0.04207390998523315,-0.31685744686255796,-0.03317571684360597,-0.06892719587960508
-1.2728302621492589,-0.3946213268147521,0.5668252054446141,-0.3977562267282049,0.1602459381225392,-0.30418737920866734,-0.11980369116027578,0.02434406947142987
1.5498016080487904,-1.2446641468278752,0.5893301464311163,-0.3564046795994652,0.3834719261353417,0.5425678267591704,0.12912853716488917,-0.10635955468286948
3.5602100985274356,0.24655043837523524,0.49453037710275477,-1.4642004598060343,-0.8617292115230063,-0.31461816520095026,0.9495967157027062,-0.12935955765442717
-0.3948278885439135,-0.7782344107386083,0.5222847146546462,-0.4935702126981634,0.046033562168566744,-0.8564871925848196,0.027384321222284215,-0.0544007302729134
2.1797218664700684,-1.287237482811841,0.540685584308257,-0.23097204074734884,0.4637759372091012,0.3292645711817132,-0.477906144942778,-0.0406532237541366
-1.0075358907078449,-0.4491594606587643,0.5107398845367542,-0.8191975386771226,0.18385691188939837,-0.43997394283384333,-0.2529973718261381,0.23714441062849242
1.1812424872174243,-0.9800348398989213,0.6696868876519549,-0.5547915931253098,-0.20500274990162679,0.7373089418448675,0.16514274985322455,0.1504876701831522
-0.6045256082820102,1.8820531601054225,0.6674160781769066,2.1354623730319005,0.2565356688697377,-0.07172585183071371,0.23573336341731976,0.001919742383895668
-0.6188384739120981,0.3642918385092702,0.6014992460170726,-0.29049721181293425,-0.4927596526814465,-0.542887890545312,0.2835457161248312,0.10712087657986964
-0.7247099671862673,-0.21371967829493602,0.6014312445590843,0.055429986497568313,-0.10665917213139034,-0.6331920365083201,0.4809300373303804,0.19139068240465118
-0.8879184743432267,0.14627464411351782,0.48080242701981035,-0.8992469354739495,0.22671789195143663,-0.4147568909257141,0.14644022341013743,-0.03900512623154163
-0.28757415962114063,0.13903997621756947,0.6028796733855768,-0.19372457658487907,-0.6116444055313427,-0.6970947235849702,-0.13849224980539263,0.2449358936988819
2.182240450463018,7.8408249621028325,0.7335851189159242,4.530604293138705,-1.2115558850867412,-0.13170545362527378,0.9047941076225845,-0.16590795017701135
0.4416659650450248,-0.9015986041383018,0.4472689080500597,-0.25099155774705395,0.34278216812688406,-1.2534881186061102,-0.050591177626044426,-0.3457959427922684
5.036188238577965,15.172659134419424,-0.29488208813127,-8.633234027633934,-4.50498942135928,0.07920543377631721,-1.417432816849218,-0.31484621286826675
-1.1051014215229535,-1.0289317227979475,0.5737913139351003,-0.46125617734399854,0.08342742594847125,-0.5480938614276752,-0.12005608282646617,0.21720311223848732
-0.9962768113806516,-0.24346300282257213,0.5764971765333243,-0.1756791688858087,0.09890961709395789,-0.5127713994475276,0.5812869111518526,-0.0745319455913694
-1.2652916067571016,-0.3924498044234143,0.5210254030091307,-0.5683301379727754,0.3996285309431181,-0.28826363506061886,-0.1545159426442871,-0.1963546871665418
-0.059777814321065215,-0.07402345442844108,0.3523018922373039,-0.41977171905339755,1.112064002017959,-0.8223594722434131,0.19393880277693132,0.0889175024358639
1.3442905200655992,-0.7352243285343529,0.6164674284702292,0.04493989761624396,0.4473239624782754,0.7916441404411568,0.06944271009993203,-0.23416513668030042
1.3938875695110946,-0.875338265187775,0.6438256327779278,-0.7251458851469634,-0.2171386842362753,0.5866424193142754,0.5765435816814192,0.12776783990236032
-1.0149728276545988,0.7000007771248286,0.5044732463417108,0.25608566538715805,0.7704277762973277,-0.2204596313888703,0.5194907637581713,-0.05104739954128721
-1.3927165943762325,-0.3818493430233032,0.6678552857232299,0.2908122955222804,-0.11933711889101875,-0.24514239246311623,-0.07766779908574485,-0.028086475771525458
-1.2152626245373332,-0.6640316857264374,0.6098022076387842,-0.26554779343605045,-0.06556343800597879,-0.4228064414025014,-0.013998725974884994,0.024342925199236552
1.4710603572664886,-1.3176717241738432,0.5921347986977721,-0.340064713477341,0.3740905681591235,0.6673426216216164,-0.6096323459521918,0.6332026612690373
-1.1466946162701028,-0.44613664680720283,0.6112135267625038,-0.29516351401157764,-0.1805757371633415,-0.3835202179878861,-0.1855471488372326,0.03221177283541079
-0.7841380494334034,1.0522217846872435,0.4778950734576304,-0.02313095957995165,0.5850279976595175,-0.19866748328699138,0.0783616846538062,0.12201749001534289
-0.7145500326494796,3.075640371307778,-2.249328725938865,0.4581612585131485,1.4228862815019614,0.5487286304293616,0.17556197178744093,-0.06854902428636056
0.9781276132463559,-1.0225882226891623,-1.889119566140036,-0.3500090723784731,-0.34366497505402255,1.0696685734951543,0.2148045971062175,0.03251932156829237
-0.9456061517273838,-0.10090848318388296,-1.9907259479115351,0.238424674437905,-0.06459080779541589,-0.14284394060260316,-0.1292093282747835,0.2784900609188715
-1.2225054504053718,-0.6039881952022007,-1.905338100982783,0.21052387342395468,-0.48713472892890125,-0.1851884147859674,0.12009222917561063,-0.02714922606265465
2.6521969497034927,-0.776044538638007,-2.0942824307678274,0.034588294264842695,0.522532329789149,0.39364482217999386,0.034119357321571266,0.1511117425965596
3.341733387785025,-0.6644077073603171,-2.128343909337254,0.10324558467475971,0.41461816652175554,0.15184413095457536,-0.3400919197909404,-0.3850976857582963
0.09579130803923365,2.0674586524143974,-1.9745185582386149,-0.17735665256806077,-1.363702707682861,-0.25154198688584284,0.09367779304878876,0.26889613142390817
-1.2592910133630026,-1.1004213998713788,-1.968573634570453,-0.26882304639345933,-0.20848946084331788,-0.2563572174256558,-0.04212332515586883,-0.05765279558308302
-1.1120334414917035,-0.6578305729064198,-1.987125464938851,-0.4554856518237966,-0.3495122552028532,-0.2159185266270942,-0.20456358450178103,0.2648100234415562
2.525110429159214,-1.2500960524543179,-2.0228476098870694,0.009253521944118758,0.0969645076483785,0.3341691600564298,-0.0830671760198909,0.30924030533768637
-1.3964668661496609,-0.7438200643800641,-1.9256684908797437,-0.00545036286439209,-0.3553320001997961,-0.1153988309186652,0.025103494886933222,-0.08070339156609764
0.6029845822781953,-1.1380790652701882,-1.9157944484457612,-0.15211043227598323,0.20722119055226024,1.2746145506016668,0.1885550432553489,-0.39389428343215294
-0.5548887140064493,-0.7222178696674094,-2.048799199620337,-0.30423656788856107,-0.06156837059885193,-0.48681963208437024,-0.12761323009678988,-0.18070353832644492
2.5486046730112717,-1.109734026451486,-1.991653712507185,0.28161218424128526,0.0017979772464565367,0.36450286657694175,0.01493836542958966,-0.6834938952786352
-1.2283572040537247,0.2399503739484408,-1.8680314366274295,0.38432229052072164,-0.8192868151401246,0.04313475420661127,-0.09338895513561458,-0.13072606180111632
5.701001478911852,0.25901977874023596,-2.275876814604189,0.5734239786661374,0.4452733786298909,-0.8353722840786572,0.042428078986163034,-0.13612709756844815
-1.2411058973378708,-0.36733190503661256,-1.9347569403485712,-0.23448670734857865,-0.5889979774180861,-0.09228726722239354,-0.15227916010296633,-0.03467013960853075
-0.22595437062670573,-0.5733556225629161,-2.0434149141358433,-0.24156888444682553,-0.25384762273762584,-0.6485465666703584,0.04681090575309751,-0.21732247298263987
1.1405084092018283,-1.2374202675773185,-1.9035282132676128,-0.14924225713821374,-0.16699659011799392,0.9811872689936262,0.06611299811009382,-0.110874162264089
0.8070462047941497,-0.3059657407377699,-2.122337001125882,-0.3593746435480322,-0.332662951132393,-1.0804922613608978,-0.10256704600412306,0.11356952606885444
4.012562976595907,-1.2721950899270882,-2.1121942508129328,0.3894934193808816,0.2078814700411917,-0.3468461816658785,-0.352910819263083,0.6674884182562998
-1.2896780809547532,0.12033649930678385,-1.8909534821608878,0.5145393598326095,-0.5051410384848699,0.05607681002346511,-0.05089487325284393,-0.0379367473007506
1.620547285558911,-0.1783122024919221,-1.9376607406289912,-1.3693788473971096,-1.1477868037443042,0.9971449573571229,-0.4870817474342564,0.19765351477803994
-1.4338663935108509,-0.6955342632327706,-1.975954078692847,-0.1613099067521806,-0.056199750109032345,-0.07095926663034265,0.00035569408754183217,-0.009694422130772016
-1.3850264267839605,-0.1980786148059005,-1.8890056703894047,0.4035913394446177,-0.48305491602691364,0.021696513130711463,-0.02964305579961309,-0.052353507241302145
0.014864005267165269,-0.8085165416088099,-2.0211815816366894,0.16568474048985352,-0.2567303696845259,-0.8250829500055062,0.08951453597795064,0.05740220098814982
-1.3037048647701208,0.03644506710934617,-2.1116836660205838,-0.3060325262163656,0.7017788592863043,0.08010075694285304,-0.021652804835198162,0.049356577598580476
-0.028256538014753967,-0.5131073177145256,-1.9239942687462046,-0.5996331489087576,0.22105348599370567,1.7077625817562474,0.19733377110206268,0.17225355607934972
-1.3765343881921317,-0.6462355137740983,-1.916857576130976,-0.01574021286784054,-0.46113250564857183,-0.09962134855628124,-0.03380690160030543,-0.01919329274314861
-0.9866799263671597,-0.36560092505764397,-1.9042314043244497,0.3428610572979342,-0.5838097189856165,-0.23800509118212085,0.0646959259017047,0.049598940662004896
0.6080436840628296,-0.1705523338591938,-1.7486277092669138,0.7110403927593122,-0.7039245161092191,1.4596263430572822,0.2195146153511681,0.15028011979040032
-1.253310793189266,-0.5502056255908302,-1.9850686895650689,-0.28009566507658373,-0.17448657062909387,-0.15215445883014395,0.116157130015232,-0.04679751747621183
-0.934932703960042,-1.052659860084102,-2.001315006986156,-0.13836429014772128,-0.07289903482018925,-0.33336764863407636,-0.31291267617376456,-0.7438365139868096
-1.1384034365834947,0.2529728388456564,-2.077999877998962,-0.17395125884142873,0.4057544170222558,0.028011797249206313,0.05905547750732781,-0.07391590259016134
0.24484788941303667,0.3936678694384853,-1.949094784165476,-0.33015128099861624,0.2993531331716212,1.7649565666006373,0.4364669354444445,0.10563669317403462
-0.4396844955228724,-0.5593613513152793,-2.0291573244328394,-0.3130348846199081,-0.24095202843968755,-0.6774875975634845,0.863515208031608,-0.09819903900728329
-1.1749989911631942,0.15224968970659955,-1.7987514216445837,1.1654423443172575,-0.8750210433228286,0.006580102699474619,-0.07659659355643915,0.06579187729967616
-0.9847411173671373,-0.8971035815550077,-1.9925184485592995,-0.2929062426433324,-0.19064419350797662,-0.41996414580184616,0.41944441023813694,0.0795790084870259
-1.0117262735881605,0.5259282329810939,-1.965972038931347,0.054721906050713365,-0.44199548444510156,0.023168584077764807,-0.15070238629167987,0.02617185343479628
-0.8205456675558531,-0.75386386247362,-2.003921566426166,-0.29291500438757273,-0.21003273625262955,-0.4748441115466367,0.4906933200291552,-0.09300440869773721
-1.278350943094059,-0.49199356855822884,-1.9573019985578117,0.13186038698716407,-0.13790900953021482,-0.08682135151797817,-0.05842941082324445,0.05052041852463744
-1.2418821085199734,0.48421539215385473,-1.9396250677510327,0.43553028305843566,-0.24646032589352992,0.08463086396968218,0.2541027299082927,-0.154208129602175
-1.4679514644807017,-0.6907169214097564,-1.919653929277368,0.05321706696401566,-0.3351381200619196,-0.06563196275368167,0.028001878312746344,-0.07666448328486133
-1.0563446764153839,1.8669943351817035,-1.7705761909891895,2.1130669634688384,-0.8613879141661948,0.4152140257625807,-0.2384121686599027,-0.12998913004772902
-0.8296006913638904,1.6863834424336375,-2.1192131628663238,0.2619396354008924,0.5689867974959945,0.27571666263487254,-0.20005408708084524,0.22428009585929956
-1.2317852575622175,0.34205432109255246,-1.840549374107563,0.9934543167771245,-0.6611825561329869,0.08641631017303195,-0.05633113707040317,-0.06289439106568037
-1.2848623798864987,0.1319385948608482,-1.926436494172683,0.6276973197347583,-0.17183118849077123,0.09255821586599301,-0.144683512019574,-0.022523104144278248
-0.7115996041647187,-0.14734484116670896,-1.9264936253894498,-0.015295132150371855,-0.8387549814087667,-0.3017113600129078,-0.1794381126273197,-0.0524593693695646
0.022407188155236527,-0.2811714069017521,-2.0340008472272206,-0.18230400206989208,-0.4767516588619826,-0.7118107072548782,0.0007855326198078577,0.16600498668005167
1.7060918450605,-1.0043003222934,-1.921202204252372,-0.332643707627989,-0.5287878296112567,0.8378030530490757,-0.5210326523633761,-0.4020522373337118
-1.2196206343975788,-0.42873879786919905,-1.9416409813653588,0.06441389185849997,-0.33080867623855365,-0.13883061751654008,0.11789038498326014,-0.06559722430270855
-1.4772125150590427,-0.23947195854542697,-1.8989316186010314,0.32765847810479276,-0.3984367843470826,0.06291076168526588,-0.04267682822602896,-0.11026057051328458
-0.9943873510537757,-0.2334545873383018,-1.8774666172157353,0.5324496859053818,-0.6671344946306723,-0.25093481735798,0.38022241086305714,-0.06642188505247697
-1.1066083749849795,0.059741706002226676,-2.0736832034512505,-0.07070707561675485,0.46602874402539685,-0.05721876957652863,0.2467622954955607,-0.12304421653719107
-1.2503727389614336,-0.6541442742076301,-1.9771478707237642,-0.3157453135613852,-0.24387169522948088,-0.1790459035029795,0.0872142413989321,-0.020455175974579104
5.063360702925869,0.5691018130005049,-2.3124761103877223,-0.36735157549508335,0.39345223777677296,-0.3875006318446233,-0.4568904869051889,-0.5004389750450492
-1.082050416694524,0.3934091975426029,-2.1159077349611075,-0.44672452554797376,0.45662166570770996,0.05933404450667426,-0.15506917072099247,0.15476590165844933
-3.8994350603377303e-05,0.5356194845999102,-1.8533318707459,1.41663207938441,-0.9906012702324853,-0.5129742691536692,0.022440558432228776,0.9876302721146437
0.20596498719948003,0.8923651325074649,-2.0831423456143616,-0.4850248407576074,-0.49802349590199846,-0.7323442056368976,1.2885720597764487,-0.16966357801096946
-1.4497444074717283,0.6293736485811777,-1.807205788566836,1.4518104459107337,-0.5644986009694156,0.2878774619455068,-0.1053224489016021,-0.09516433477408655
-0.8717191829047732,-0.4760285437684721,-1.918033937011171,0.3175432495376945,-0.5217605056952377,-0.35789244968159284,0.2903545028212929,0.1920500507357134
-0.8947026494046757,-0.07395838344933588,-2.0560007703835583,-0.0355018431058948,0.229895315271986,-0.11807436535508951,-0.22959762715171392,-0.5319964609974743
-0.9941336031550397,2.6220504442008075,-1.7375348778777557,2.374040553269481,-1.1027192063094142,0.5391699689412961,-0.0915947162169178,-0.30608030951485554
-0.7678573216503364,1.6147139841636955,-1.7013506442244128,2.854602895021832,-1.0239157331835673,0.1763909208099244,0.02081192161307234,0.1345713992378146
-0.9968177029696391,-0.545942641327437,-1.9168514524458473,0.1419107057892793,-0.5572167211501213,-0.3227910035044185,0.3471162923364944,-0.096140588285347
-1.4329627887386962,0.05814575024181736,-2.0643053630488017,-0.11772970227701866,0.5274271218187083,0.13249740523324566,0.0637551673657046,-0.05682628436988267
-1.3145925046954825,0.03740053138568352,-1.8162270839178543,0.9970935639745883,-0.7476999259753616,0.04550022168197485,-0.0262725351597691,-0.10495734180812975
-0.7697127539651821,-0.5324397418205644,-2.096674734541831,-0.2572372443920029,0.40329268210742775,-0.27466413877547896,-0.3639597866836455,-0.029772538072458866
1.610530221247846,-1.2213568261226293,-1.9216222723062208,-0.2627457369911169,-0.3465523119022957,0.7142939129993977,0.1994384821038402,0.16993985942179543
0.9871960775142264,1.6143152444529492,-2.3072509126099705,-0.9690817041923544,0.39663749548035726,-0.9682440239969142,1.5693217741809622,0.5673861461930777
1.939476339127682,-0.7079318368463876,-2.0006417762573707,-0.563108783425784,-0.2136285656889242,0.7100126595378121,-0.09909883680648712,0.79781868334354
-1.0791914090080108,0.8570634887500032,-1.9141266956061642,0.20314073081227596,-0.7854385829905303,0.16895073803272426,-0.42156385911790145,-0.16259435119174573
1.7367952508503832,-0.8244883746388608,-1.8901736701231395,0.5775518667657595,-0.219173083906941,0.8245926104477634,-0.13175135757259895,0.4369086174598093
-1.4470837022393592,-0.21530858019737936,-1.9042020566547488,0.5222314429727776,-0.2566358180413984,0.06822969203378212,-0.0532802969115644,-0.09618792465885667
-1.4275189252662215,-0.2800529050758619,-2.0539097512491,-0.2244009302102407,0.4360735963537225,0.03850438582951603,0.08163374568526188,-0.0687407416257752
-1.0241241968620016,-0.5282839473038508,-1.977839621953173,-0.5536525057618921,-0.5140509492979817,-0.3204467566980969,0.3369951866160435,-0.059639097928349
-0.5399495047364362,-0.6718733008115891,-2.0105419659664774,-0.4938849454802499,-0.4472451107210671,-0.6316670353938694,0.558293885193642,0.35022958036393803
-1.1597936972314036,1.4406520372886387,0.7213819582530498,1.2811327288596577,-0.34068780584462355,0.0888518561755253,-0.044095123583289715,-0.17789609937554643
-1.1083192695354251,-0.6941150958769994,0.567999222569337,-0.6946635500748289,-0.07052220855561603,-0.47903407247175356,-0.08871685474401737,-0.09908645984383023
-1.3242949728161513,-0.8191414988740494,0.5779231733075545,-0.605476587775418,0.05919860160434088,-0.4241237670915422,0.09778116501866704,-0.10329971064317174
-0.7025001307951015,1.1719266541139253,0.634469119929211,0.6761391533560185,-0.26800383906741393,-0.18452463912780045,-0.2572503133918099,0.1804605424676229
-1.4209199245689301,1.4032743462650343,0.22765716530006297,-0.535854674470999,2.464308937094053,0.3141873601815852,-0.05343644453474974,-0.1996931321185744
-1.120676818213846,0.44558290397677874,0.5149601288000721,-0.24153866556744322,0.4369858561176351,-0.16574045353887548,-0.06799607887729857,-0.028438731863228768
0.852481479574128,-0.24267391735579177,0.7660655400780322,0.31437277048105455,-0.35437553545543254,1.1060713706763288,0.07880004666431284,0.034272264108190995
-1.0733722727852197,-0.5270010085281356,0.5784796320977087,-0.556688051274222,-0.10185728990280503,-0.4813479393600431,0.061663649676954244,0.019168369461239506
0.6058175258264824,-0.34619272042547844,0.7613790588124726,-0.16296003435089476,-0.4475480661811435,1.1372568268396834,0.37766305921008675,-0.03918009885837341
-0.9096502426880834,2.00363429116704,0.7533765905833597,2.1513933251809387,-0.27372317681484076,0.13479626748844006,-0.09496442922697414,-0.12004873496299984
-1.1200492156202246,1.5934004868841678,0.49935087551234497,0.48946910616043543,0.8302065204541673,0.13150134193520474,0.054849367727945436,-0.13010926846078383
-0.4386661290849283,3.3464680354294054,0.7866107416498574,3.221242840320233,-0.3672530231053193,0.3001315850131988,-0.49027995368985516,0.46255289016748374
-1.2600838872761928,0.7041584866007503,0.8357947939568717,2.0198781001096417,-0.5897252461682183,-0.010348756365149626,-0.20418914517545392,0.010378707170538811
-1.1337649964588907,-0.523101095608159,0.5859642080192581,-0.12966666574107602,0.1409552932847603,-0.4198103233848774,0.05251038364660579,-0.20657078205012952
-1.1513850184625551,0.8211286313216134,0.4753783195504945,-0.012332597947959755,0.8377794583674908,-0.031158830539668208,-0.07941533453773005,-0.028364184014115678
-1.3288860766900972,-0.24871908540381646,0.6828847338359435,0.43508229831314554,-0.20240794771719464,-0.24010911372871308,-0.09841384119810367,-0.10609929976165151
-1.5110794627357973,0.853393566622042,0.8651097683970991,2.1173462842567328,-0.6367589715547367,0.13537406892425363,-0.10045437655504297,-0.1728905245398369
-0.9915168771541593,-0.5733567436622905,0.5795161195366773,-0.6289319341198499,-0.20400091381376997,-0.5064990492477068,-0.1294575073971981,-0.08514488153774037
-1.0305446604218875,-0.2999509400301688,0.5524476423836431,-0.35132959663698526,0.1695320034338362,-0.4377876451830007,0.11568381266453298,0.07274371162950857
-0.8999524218775471,-0.21990980173256303,0.4863485403206887,-0.6331455237778992,0.4071779172512571,-0.4521234470068997,-0.03584665075595295,0.060624609660825196
1.521162598079986,-1.000022810153473,-0.6425093270787324,-0.15607173917542264,-0.05277788950217505,0.663036307739801,0.48443957069606963,-0.05606610519038044
-0.8493604409611952,0.2342381329354795,-0.5868933404622373,0.6144924506739937,-0.7138379688171868,-0.2263179617167079,-0.3249527192738488,0.17502141174001615
0.07534528551200188,-1.1603370213485351,-0.5011370415532086,0.03610485436040985,-0.24130995872038652,1.3874039133606209,0.1059960363637127,-0.004206311645878053
-1.1351652031904396,0.2110085453858299,-0.6390487587171877,0.5524602228900318,-0.1830747161371782,-0.08475008914221965,-0.17843663212160973,1.166851738324978e-05
0.4323777309417966,-0.9641680449255668,-0.5515660137666855,0.04103265328877879,-0.08006632480947029,1.2831704243745188,0.03053175530494822,-0.10899301451770409
0.8146744027505418,-0.9720051203496843,-0.5748635006167614,-0.06801113011112031,-0.17938311364172219,1.0971904894187559,-0.05064804309532381,-0.020136268985101815
-1.2810331390025653,-1.0073120089387937,-0.6872426733465387,-0.44190780836696947,-0.14115404671041,-0.35510650076435085,-0.019584720411067756,0.01843458325096739
0.5508770749357585,-0.3104636338287613,-0.4735094624505442,0.2453911186364103,-0.7101198259083168,1.3107830848443562,0.28378314039772506,-0.08022584124930936
2.378138320167696,-0.9613163939366339,-0.7299859716897429,0.17782760403720752,0.3475213747031563,0.314942570068137,0.2661607268333535,0.13302278752390093
1.0220991890826876,-1.3126013778141745,-0.606588736524309,-0.15570137941090445,-0.042143587916362975,0.922271260801041,-0.03553157961594121,-0.25943231476286654
1.539116464218784,-1.5486691997904085,-0.663880098658823,0.10172071021600494,0.2850007939821335,0.7350265183563677,-0.603129758426521,-0.4887418807336021
2.7305794619635,-1.1359425586855634,-0.7659277812711112,-0.3382939793118326,0.054996017065926536,0.27860613293270303,-0.9908983839075477,0.010765397273062853
1.187318083511536,-1.1590111498814024,-0.6352930959052708,-0.4132805497465844,-0.02585072649375769,0.6915558052257249,1.0406613915038414,-0.01739304169709463
2.3617949968719714,-0.633099924421606,-0.7140878782657362,-0.029508084946089995,0.03688306374144132,0.39851766904914243,0.11585916529324164,0.3570780657974066
-1.1342288580234123,-0.04747811568630239,-0.6000042013879422,0.4696553388163702,-0.4804266687328142,-0.1938340981119856,-0.0031934749319682035,-0.0049017964214867465
-1.2128825435818986,-0.6437584600512228,-0.6495544722022998,-0.09911909751542045,-0.31943993446167485,-0.2909525778805015,-0.0945931337577521,0.06530539366372834
2.302744910896545,-0.8014161082241332,-0.7258642026765454,-0.4093379581944538,0.037760419313168224,0.1801038089225838,1.395159064184138,-0.14900240789195926
-1.2601154739965412,0.9435989930468196,-0.9544149486581496,-0.5982545459088452,1.470506587647431,0.19722595564661322,-0.08860924157745455,-0.03376139712564935
-0.9110071348952244,0.5251151580263808,-0.5874189928544336,1.4092527583114947,-0.21544556069866483,-0.11133585070008746,-0.15181363392017239,0.3862136030543465
2.6207763434393962,-1.6389567824358768,-0.782781187244816,0.3223246352413914,0.7237462314618379,0.35037600142011244,-1.3553529260013415,-1.113131130370949
-1.312701458946262,-0.10550812912828596,-0.7275815610765015,0.00271608259541483,0.3109088062024362,-0.08301787026775209,-0.04797959333030212,0.0225045889788031
-0.8149125537290262,-0.2544904646707454,-0.6815230204355018,0.05749072494291411,-0.26997845941260923,-0.3569742664410887,-0.3027974549178657,0.2959390508334922
1.6818702663399014,-0.4468706728692076,-0.6436722186987316,-0.9359704097955341,-0.69458351742784,0.6083470643047029,0.7851214698281801,0.11456546995751002
-1.2453823992992088,-0.2701048731210162,-0.7011011691782301,-0.26090204189565697,-0.06767780820993118,-0.18072923440397462,-0.0597032840441206,0.010633737306180432
-0.7765851582325262,-0.5848470283775112,-0.7319410299184332,-0.6294055726558092,-0.26590827443360304,-0.4989574705151695,-0.1277011331863145,0.19443116392854526
-1.0790298566980048,-0.31896106489698595,-0.6718369169825831,0.2727129921149782,-0.02900561929441327,-0.2815553330134116,0.08471773756485138,0.03141627360279354
3.4615405023855916,-0.35029585729575896,-0.7451992691159414,0.20062298733666004,-0.14274562264361956,-0.22401711200430038,1.1746139413321284,-0.717523794568555
-1.0595014429449923,-0.7351406284545918,-0.6947265928443661,-0.49419055995037814,-0.2661698553750628,-0.4434896053346096,0.2091872334357064,0.002519280866086406
-1.0293744616043916,-0.16503734635024217,-0.7051135706056351,-0.10542631366377166,-0.07893365027029817,-0.24971002942216503,-0.1357380567080671,0.20353225724952267
-1.144951730299989,-0.0009892225429728953,-0.6823665680917634,0.47982841244012187,0.14425112590690822,-0.10728103959875203,-0.2097721520682119,-0.10716346511772433
-0.5969421140719137,-0.38561076318637805,-0.6721783521668885,0.4585545197437418,-0.2014819299388771,-0.44664832735488413,-0.5381917173890953,0.49062188907804605
-1.1158338805091677,0.5243567751566346,-0.5701051907973177,0.9235095837452417,-0.5238416877886285,-0.07552495151381405,0.119021957662536,-0.040163215779572915
0.37808610991337827,9.13304099780333,-2.105516881381872,-1.3764376799872686,7.607877228027916,1.571967853229837,0.45755479737604066,0.27102888258966096
-1.2531270190284878,-0.32331582733937936,-0.741085833039737,-0.41863304021580955,0.15856093985316946,-0.18916144688355305,-0.00019475410766513234,-0.08173046761170842
-1.3100608863257994,-0.9291558961232922,-0.686409994488941,-0.5025168873976289,-0.18303708397997773,-0.3264979498826813,-0.015963117589274822,0.010069615079588484
-1.134406389953188,0.8692485299458629,-0.771988212590357,0.1093904489963074,0.4547443887234927,0.08245262554281808,-0.10301156398602919,0.024478044969672097
-1.088499292665111,-0.12278548122823535,-0.7928926948917683,-0.365903362880749,0.4582241690894805,-0.18751017336963674,-0.1318485129009759,0.13774450105605923
-1.0555192301798257,-0.04971568823770756,-0.7211060620273579,-0.08179698604837875,0.053466697427333607,-0.2013892796985834,-0.13656336759484178,0.20431619619102268
2.982787993303677,-0.5981444014759002,-0.7180934087084466,0.4930241388167876,0.048997165631015326,0.13208849433224498,0.01417144364853654,0.4470528754552162
-1.096221079526499,0.6315204213471735,-0.585521315395625,0.4005241249653539,-0.7731726171713815,-0.058192106956344906,-0.04212479317926129,-0.15073507291851168
7.785163643776614,-1.857322834285635,-1.151647418302259,1.8345209753565896,1.5390360199113824,-1.598780064464875,-4.777867830072467,-0.5800347805505491
-0.23220419857909513,1.211684878373058,-0.6817460055272088,-0.4519152346090858,0.5884838913234719,2.179082357492604,-0.142661544149081,-0.05583767879135145
0.9807092654032303,0.18832589536061028,-0.4498171433266456,0.972436077364829,-0.7689345590884471,1.2753106440576394,0.02939968652605252,0.006871222174906506
-1.2965445655218872,-0.29019883652926654,-0.5988431944985073,0.2825828359492109,-0.4779722965440458,-0.1764193422666226,0.00043328402474439976,-0.07029642614149935
-1.2341129953635115,0.4450513570963312,-0.8292687929819151,-0.24971201554979908,0.7962700884009186,0.03883516447320973,-0.09598388916263766,-0.025963336323863793
-1.1429952173294509,0.8918036309701655,-1.0956445436819413,-0.976704433581357,2.2505518902489983,0.18312149814846548,-0.28870296884943936,0.387783602783107
-1.008530116050897,0.537225623231735,-0.9256900758967076,-0.8871624152562703,0.9844966699111137,-0.02213736891013596,-0.3283855193915387,0.14651455857906143
1.131920447602284,-1.2630736778328293,0.6405074558871162,-0.5304999971734933,0.07577248914008278,0.8084946000664651,-0.36219032556230757,-0.4288803528889833
1.1402214084108655,-0.8883375042092277,0.6523431251096485,-0.6302638950190649,-0.13381533738041776,0.8384608688479692,-0.16027692735897517,-0.04091655998302304
-0.1807659517288463,-0.7234648355484479,0.5016122983333543,-0.6111009281815063,-0.0021860719886770967,-0.9222889474857445,-0.12290858348131121,-0.3718551795490748
3.076058072691667,-1.4736372326100051,0.450908027920082,0.2228451653551275,0.9441956998753308,0.0030773308200918504,-1.1648515838404725,-0.3501588667171029
-1.2653757632906921,-0.5720951342506871,0.5529710127422982,-0.47499147661543284,0.251205469498672,-0.36241941625452856,-0.0224058427918234,-0.012385741112638609
-0.39256534340331034,-0.9437601919099796,0.5135858394033913,-0.3274800641820103,0.21641970626941542,-0.8171371391281719,-0.38229520403293854,-0.03903085656106028
1.5433149772504917,-0.8397215329737401,0.5676695352016933,-0.37469508071008056,0.45070408746561785,0.6943527008307605,-0.19616650589005558,0.09017442642508029
1.1033899642995104,0.21715847937708427,0.7722872094718707,1.0887054013209059,-0.12983739358551386,1.1280433193600905,0.0615763423670303,0.06890291729737355
-1.0447861322710381,-0.6026194502410424,0.5631464496383567,-0.4503233242876962,0.07627552161069467,-0.48566376551773166,-0.009350002307900862,-0.1455988777997845
2.8969384140583583,-0.8528399073581773,0.5006934260289351,0.16443052657754936,0.5992120654921027,0.01816963216040281,0.0716279777804928,-0.37994550355053824
-1.2238617328279189,-0.4907428700656029,0.5671505209279755,-0.5456243110212189,0.05600920282048566,-0.362800581220701,-0.10308109785812578,-0.004605970249307989
2.916362083793385,-0.7099566824145433,0.4780458854787866,-0.5723499036697425,0.21634811062389647,0.14383697915355706,-0.8015204399679295,-0.34150769834498557
-1.2938079325579166,-0.87590950457723,0.5737282696196517,-0.5535669038226723,0.11140601305415841,-0.43745468777782426,0.01579732298014304,0.004287444277526719
2.0691451713844904,-1.3266136360207688,0.5656487006989862,-0.31618845912392535,0.27271784971761304,0.3803755110536484,-0.6325044182333205,0.23228168793983012
-0.630694806643779,0.8980667958298709,0.48984494237381704,-0.2926648211892957,0.2826070832888119,-0.35980453659648926,0.28544155578422553,-0.24168158492804867
-1.2803220614265953,-0.9906747903449794,0.5835995837383947,-0.5356556723559129,0.05493868532231164,-0.4655032596340915,-0.040969338770461154,0.03329746294583353
-1.4775259632143962,0.3488403794994064,0.6811602814496025,0.6848255763954274,-0.05501356887070412,-0.005027878054699081,-0.12147876341372946,-0.1528244892304189
1.5377121795571669,-1.6213422052506339,0.5986631188734998,-0.13829851288362957,0.44345886183812705,0.6256929217233609,-0.94612673976146,0.6478718758828155
0.0881081918028264,0.9933469136653021,0.37658538741430864,-1.5779053742144367,0.021222352305283066,-0.9219592210624648,1.4243713191552436,-0.26390266717053945
-0.9018657695636452,-0.689283012822335,0.566753105230285,-0.6593461104433658,-0.11564039601419812,-0.6669641879111329,0.43094580873401483,-0.013117126734050445
-1.1431159572349903,0.21589488231927365,0.6517748684962846,0.5434769792047622,-0.06143336144408232,-0.23896383056945866,0.08110503783005102,-0.08864114426326228
-1.3544220284491897,-0.6375582247970071,0.5976263874839337,-0.3480875508732125,0.0445298034007091,-0.33654263205313995,-0.05025253184663218,-0.0712369975697189
-1.171262156271294,-0.7388691931548051,0.5843456724815472,-0.5366362301632664,-0.052209941611910254,-0.4661890027536107,-0.03160829957985523,0.04090211274639671
-0.9968613136942488,-0.8055098301987927,0.5922636217486791,-0.2235079988115419,-0.011712695027417773,-0.525748046871705,-0.22189747629794004,0.030913530317648114
-1.2523866522595326,-0.7265626151057203,0.5777024258231072,-0.4728553765789819,0.07794443825505616,-0.40503804708231794,-0.07619933687305111,-0.07016898895576369
0.9564456170673985,-0.4789611146043735,0.6684082733176352,-0.7537474522411614,-0.2982937795843333,1.0019186132180562,-0.06036036411852784,-0.22531027005455956
-1.2056925232038584,-0.39490466767422805,0.6223883425784125,-0.049463571991569553,-0.07134350859590458,-0.37030031156808435,0.07247887048547165,-0.04259972478902182
-1.3470896736585876,-0.6639494843719895,0.582077413382272,-0.42724593068209127,0.11819325567748627,-0.3510689309779734,-0.0052286553857708706,-0.10677660671054023
-1.2672809678462886,0.22592369794342163,0.6916077455550955,0.7208523150665358,-0.20379636284934458,-0.15201430189892462,-0.09547990850107353,-0.0031645483057308878
-1.4036266078604347,-0.6168228538854315,0.6139212535594406,-0.23412100382042558,0.013372649004585246,-0.3056039438572281,-0.05440172371129244,-0.06703007964686553
0.08378229107397862,0.7906042549052893,0.982979279005158,1.4822413521092124,-1.047269664558397,1.7100843798393754,0.1510815089818462,0.06484030426925949
-1.2013032700877528,0.9311057233481733,0.5155461652003953,0.3405580801369504,0.7589965149410806,0.027282548641730683,-0.07929690986282206,-0.14802651525955118
-0.8159209881622742,0.20721679163807194,0.5841763690407183,-1.2409864937386303,-0.8583577947536897,-0.4382037099895833,-0.23516249658209837,-0.17985634485537885
0.6237772863398958,0.0007869919491664503,0.7728781265169047,-0.18650736049073444,-0.6348580612381883,1.23410062246047,0.15635704518019483,0.07644327352021042
-1.1746790886172036,-0.44284579288309617,0.5906948486643023,-0.30680968572200884,0.0008628643604572575,-0.39593192951855416,0.05013365638656796,-0.05406747727445895
-1.2665389175506665,-0.715246251559981,0.6131241039632876,-0.1862387168355994,-0.0010026229080656187,-0.41038062621879723,0.03891919498529131,-0.09163212330895512
1.3281827274223923,-0.3075526650263429,0.5187861527418042,-0.607803463384817,0.7303881471955885,0.8738314580923269,0.1704712627314998,0.1973632321253159
-1.1148201241278846,0.9550909116329657,0.8252661223314229,1.6528230779406954,-0.846245960144916,-0.07636138940639703,-0.0032593388038517686,-0.05437939636434287
-1.0826030154817943,-0.6013593314918068,0.5970782710643683,-0.5573073896174541,-0.22291204392352224,-0.5122491863932032,0.1329215359768462,-0.006569598722596561
0.4599488247577859,-1.1759058720410887,0.7293989085835233,-0.2665565900732254,-0.05072431052233543,1.0182885072122898,0.35862333467813523,0.5802336959407339
-1.2833754285699777,0.6169312751217626,0.6841308926701527,1.1034113144982811,0.0342122385905575,-0.018766144831249523,-0.13510558543943568,-0.10695274075153029
-1.118519688203986,1.0905094823974175,0.4513852381316043,0.14471502265874817,1.0831644409760803,-0.02362164876853302,0.2899005264033253,-0.11000085181488622
-0.23667573646611204,1.3482817114715129,0.6984778773506674,1.1078066148028722,-0.7561727138328185,-0.41558462157125237,-0.05952699540711523,0.09057213499277536
-1.1474596573377034,-0.409337105243451,0.48920311530019434,-0.5818339690788005,0.5799131188777497,-0.3596153442901786,-0.07600240801430302,0.08670812289064979
1.097214586931746,1.3696229186265898,0.4350319503788552,-0.918297699144014,-0.6433169741858755,-1.3214892964051643,1.1453450105599912,0.7449913375147058
-1.2716532896209523,-0.0560116907040879,0.6067384322229383,-0.07589048363247257,-0.0035627775339497564,-0.21969520807928458,-0.1355260171037638,-0.061120359503973126
-0.9911564587532982,-0.5069960929514138,0.5323812812815943,-0.6933099368879622,0.1240421572798315,-0.5191945834557409,0.12857975797056242,0.02723903933178971
-1.226734306266961,0.2516336990029372,0.684095341508644,0.5454211105499601,-0.27819317626418505,-0.1816479037159199,-0.03829156446380388,-0.0955081985264608
-1.3299765303830033,-0.3691119752193984,0.6186056992706834,-0.04121539073511633,0.017179354473098783,-0.2776279992951747,-0.05060350722747496,-0.07006699626348659
-1.2602024502677145,-0.15060879694387352,0.5782293640587886,-0.16513301188421708,0.1775853851383869,-0.25909234835580175,-0.019886658663582298,-0.0687528568778918
-1.263479615325964,-0.044263356652077,0.47413458312781254,-0.6853420108118167,0.6313455454702949,-0.21026117357223428,-0.08444207429139758,-0.08515033702507672
-1.0516528116421544,-0.4294216268342775,0.5771299588636231,-0.7406698307557662,-0.24074687780817897,-0.4676631702391437,-0.018562940542957904,0.004079649385758897
-0.9475556583777183,-0.7305954346181475,0.5566296304943007,-0.636194887514412,-0.006671494677308283,-0.6160613016376305,0.2158552844935177,0.12753796638242745
-0.8267213490689418,1.2773807832792705,0.5062012534308783,0.5211710861777414,0.7150230794701893,-0.14949263934761214,0.3828325778830581,0.006321809859668114
-1.2204585839112025,-0.28925729944700757,0.6346487926516866,0.14740313809358774,-0.06621043249046192,-0.30203972802438683,-0.13066130083807248,0.08308417861302485
-1.2383199344700766,-0.24977576412726832,0.5774809180659858,-0.053968009214001446,0.25709102846504717,-0.2806015994236994,-0.0422339053535093,-0.1585184977728211
1.225020976110821,-0.3385357104259421,0.6256007941738512,-0.6909200715959392,-0.046661143691236584,0.7894215446163716,0.7030555120719191,0.02982037546767491
-1.2935027748987544,0.4226948630819634,0.4983031890699557,-0.17363471938033054,0.7089325021899691,-0.07904488426208453,-0.008092184768851285,-0.06292235879889599
-1.4009180655488558,0.1308794892413607,0.5401151212917494,-0.042562237305252555,0.5781636651564434,-0.10196496740894492,0.010514659107811457,-0.10736194508620504
-1.332214073195325,-0.40547832777677606,0.6186879626413374,-0.036225957828998734,0.02471912034180364,-0.27740132052944494,-0.08794029602253908,-0.12406764095013204
-1.2931103247819935,-0.2361454679270892,0.5333262222430794,-0.5589418431458218,0.3024989418788423,-0.25410951430718204,-0.09996410817980542,-0.06567667131022786
-1.1807424725156699,2.088178423257992,0.44032171830482036,0.3823499777238262,1.1566411132385366,0.3162448612237665,-0.08162705603369685,-0.11034454191267823
-0.9065898999625841,0.2313423350501966,0.7428009539505243,1.0943572973615436,-0.5380854172737374,-0.38949059421399573,0.20914616801875655,0.19309428080790791
-0.46388214713098824,0.33118654941301917,0.7128382848715384,1.0160664382611528,-0.5672535201301933,-0.6876967908125878,0.8557810437473637,0.03684299302544094
-0.8956447902034981,0.4345212978648111,0.5792675607713829,0.3597612295176923,0.21616359640784044,-0.31064760619603626,0.15780759910003242,-0.06005365241343952
-1.2725328154543771,-0.4488679409277821,0.5837090142561325,-0.22132617363911544,0.15540812753262329,-0.320850605768659,-0.05101568519077104,-0.12110098023495025
-0.7946818533620071,1.4403061303527598,0.47977517827803323,0.5956342360220278,0.8998740097375331,-0.06448977720360703,0.07983568376937004,-0.00869024341260801
2.1988717650900376,-0.6106892298177731,0.5473367685013804,0.05503124193344788,0.5174319652110811,0.366985707097588,0.27004325443111993,0.11171667621761883
0.3549622647650532,-0.8691758575778316,0.7252910813857041,-0.06327865656557671,0.10386328250089472,1.1973028218987183,0.19121285823800288,-0.011609387695042366
-0.38558823580263474,0.588998810454459,0.5432268312918349,-0.9307922746551806,-0.6693047913261327,-0.48105926482679046,-0.5989998827821851,-0.11845198446341802
-0.780316734906245,-0.2616780286609259,0.5670602503401914,-0.4275107907808036,-0.16139337876657797,-0.49525636359197583,-0.32723885146917897,-0.09272096362523807
-0.801757522997994,0.11683176643541006,0.5506182934045937,-1.2658571296775623,-0.6118906052068714,-0.4496153246557059,-0.2847714514779448,-0.01449226609135972
-0.20440957965807569,-1.024857354731595,0.4992069118991465,-0.3239296999046643,0.24393031923221953,-0.9454553930950386,-0.32913150078090103,0.3992617888927039
-0.6565778472910416,1.887373336011767,0.13046282859834246,-1.2073565798845576,2.292256946539621,0.03036622515831253,-0.10826718464374493,0.13209454453581174
-1.0506669932354697,-0.05096466180562329,0.4668544359443064,-0.3433715572814989,0.7899449206302636,-0.30193033956656123,-0.06835992047191045,-0.03998859556354034
0.7948240903930939,-0.5531177675681391,0.6958591259946445,-0.3456939154664645,-0.1424938244344386,1.0494718841438684,0.11441541679212837,-0.01909607672141834
1.5541186504808295,-0.9100261106416473,0.6323646823769175,-0.27237283463807577,0.0653676674619577,0.5645033206088992,0.4062281526027627,-0.2953151891567376
-0.05483366122486081,-0.5600091125176343,0.5224874184682274,-0.22457316083357134,-0.02507583527773605,-0.9294774351596923,-0.23647522205594418,0.17201679301971792
1.83306400893892,-1.2656451081549656,0.5956478384471046,-0.325758296209228,0.18748236464697124,0.41878156202720335,-0.11099528733200757,0.3155595830591851
-0.8562912544955698,-0.277454771124931,0.6097394906325079,-0.24195288008640323,-0.30716005039204886,-0.5148397152955799,-0.001392208383987328,-0.23153021990035993
0.4421950426931611,-0.6569683501915874,0.4840634276974932,-0.17954847310628205,0.02218408584125256,-1.1196966081981587,-0.6363400401284031,-0.15330338707951385
0.7125478029420796,-0.3067691133014737,0.7804252372477645,0.28749809245900176,-0.4031548267220346,1.1741634522208595,-0.03211286339591083,0.02271328485854841
-1.0246470949994293,0.3493130341814626,0.7335734128506892,0.9404384450189761,-0.5532282075879437,-0.22285112552322858,-0.28708017837700534,-0.019298341651089516
0.14557416451823682,-0.48152776029783145,0.8239986544492892,0.43235083222487125,-0.2933404962896705,1.3745218463283697,0.2531882550712921,-0.040010908949311995
0.6548442773112402,-0.6723922271771601,0.7769840367150199,0.6291027729164204,-0.07986084934392727,1.1580463885409422,-0.1772855405817027,0.34415931741618777
-1.1601572079150206,1.6859082127613527,0.27365456572511015,-0.6824352656218395,1.825516224039749,0.22093007595159325,-0.10857733673026967,-0.03809001957830037
0.5677370358277997,0.32845007165171836,0.46471998164682565,0.09858546510479417,0.14108405556079734,-1.0117309203606768,-0.18107333205863077,0.1146000825681302
-0.12493611653777481,2.70711871634193,0.3525973913681196,0.6560868885752823,1.426084825653806,-0.2623383377986528,1.3248609959795905,0.018799099508568284
-0.7125825090723873,-0.4732778237143939,0.5157916266444438,-0.43648792321797814,0.2711013671828207,-0.6675043790343389,0.33148825164062484,0.10922868922583574
-1.0134874185857556,-0.1938089325210408,0.6385753298098388,-0.44068635532506434,-0.6022512340151835,-0.40425320886972105,-0.25826725324812777,0.07486544865761732
-0.12446614091427795,-0.37959494845768815,0.514514209909383,-0.5740971798131165,-0.1926778293253489,-0.8587807775300891,-0.42790714992858747,1.0367417323590575
-0.6819380097812519,1.3264744430766748,0.26562322674023725,-0.6673197185796744,1.7132782521672003,-0.13556665786909072,0.07867243087075011,-0.02261679152117559
-0.9979463331066354,-0.1059475943280331,0.7044194762969256,0.8033202306973601,-0.3503251417642163,-0.34244987878806393,-0.2598171392763176,0.008315453075826136
-1.0645893715889028,-0.4436398349200246,0.5560674368288613,-0.7372341896119883,-0.059887537829638224,-0.46918528344659544,0.08236938847240008,-0.08787798600774535
-0.490380865596293,-0.1016821452500406,0.6276212909760832,0.48196942671606047,-0.23142010753626877,-0.6023755731642984,-0.20550060639933926,0.08524477525273585
0.22288422287637175,2.480504624702558,0.36093557894367556,0.6010358083185803,1.1092116728377803,-0.36485120236836716,0.3461838211458306,0.8609798329591166
-1.290171575653852,1.5603974201297761,0.7561709220035926,1.3424008622847883,-0.5334622801027804,0.20578943440353467,-0.2422799461390451,-0.22698388798151514
3.865149087489127,-0.4798537550960625,0.5253445176319769,0.6871319665306906,0.10896788435161625,-0.280320410906515,-0.575296749249599,-0.08900336142757093
-1.0970673848282797,-0.0698956773017033,0.6301275512351358,-0.3118208750470697,-0.42479199541368795,-0.33516999810444087,-0.15374357798918603,-0.03730794912816176
-1.1659506689075914,-0.9021567509632678,0.5977048579821675,-0.3426555515435291,-0.0043876030564243985,-0.508720642293357,0.024360018590126504,0.01866822976103437
